Q64945|P1082|1934|P585|+2017-12-31T00:00:00Z|S854|"https://statistik.zh.ch/internet/justiz_inneres/statistik/de/daten/gemeindeportraet_kanton_zuerich.html?tab=indikatoren&jahr=2017&indikatoren=133&bfs=1"
Q68290|P1082|12080|P585|+2017-12-31T00:00:00Z|S854|"https://statistik.zh.ch/internet/justiz_inneres/statistik/de/daten/gemeindeportraet_kanton_zuerich.html?tab=indikatoren&jahr=2017&indikatoren=133&bfs=2"
Q65510|P1082|5491|P585|+2017-12-31T00:00:00Z|S854|"https://statistik.zh.ch/internet/justiz_inneres/statistik/de/daten/gemeindeportraet_kanton_zuerich.html?tab=indikatoren&jahr=2017&indikatoren=133&bfs=3"
Q65231|P1082|3646|P585|+2017-12-31T00:00:00Z|S854|"https://statistik.zh.ch/internet/justiz_inneres/statistik/de/daten/gemeindeportraet_kanton_zuerich.html?tab=indikatoren&jahr=2017&indikatoren=133&bfs=4"
Q65129|P1082|3678|P585|+2017-12-31T00:00:00Z|S854|"https://statistik.zh.ch/internet/justiz_inneres/statistik/de/daten/gemeindeportraet_kanton_zuerich.html?tab=indikatoren&jahr=2017&indikatoren=133&bfs=5"
Q64589|P1082|1124|P585|+2017-12-31T00:00:00Z|S854|"https://statistik.zh.ch/internet/justiz_inneres/statistik/de/daten/gemeindeportraet_kanton_zuerich.html?tab=indikatoren&jahr=2017&indikatoren=133&bfs=6"
Q66328|P1082|2301|P585|+2017-12-31T00:00:00Z|S854|"https://statistik.zh.ch/internet/justiz_inneres/statistik/de/daten/gemeindeportraet_kanton_zuerich.html?tab=indikatoren&jahr=2017&indikatoren=133&bfs=7"
Q64977|P1082|636|P585|+2017-12-31T00:00:00Z|S854|"https://statistik.zh.ch/internet/justiz_inneres/statistik/de/daten/gemeindeportraet_kanton_zuerich.html?tab=indikatoren&jahr=2017&indikatoren=133&bfs=8"
Q65547|P1082|4865|P585|+2017-12-31T00:00:00Z|S854|"https://statistik.zh.ch/internet/justiz_inneres/statistik/de/daten/gemeindeportraet_kanton_zuerich.html?tab=indikatoren&jahr=2017&indikatoren=133&bfs=9"
Q65942|P1082|5340|P585|+2017-12-31T00:00:00Z|S854|"https://statistik.zh.ch/internet/justiz_inneres/statistik/de/daten/gemeindeportraet_kanton_zuerich.html?tab=indikatoren&jahr=2017&indikatoren=133&bfs=10"
Q67513|P1082|2556|P585|+2017-12-31T00:00:00Z|S854|"https://statistik.zh.ch/internet/justiz_inneres/statistik/de/daten/gemeindeportraet_kanton_zuerich.html?tab=indikatoren&jahr=2017&indikatoren=133&bfs=11"
Q66598|P1082|1096|P585|+2017-12-31T00:00:00Z|S854|"https://statistik.zh.ch/internet/justiz_inneres/statistik/de/daten/gemeindeportraet_kanton_zuerich.html?tab=indikatoren&jahr=2017&indikatoren=133&bfs=12"
Q66062|P1082|3687|P585|+2017-12-31T00:00:00Z|S854|"https://statistik.zh.ch/internet/justiz_inneres/statistik/de/daten/gemeindeportraet_kanton_zuerich.html?tab=indikatoren&jahr=2017&indikatoren=133&bfs=13"
Q65934|P1082|5097|P585|+2017-12-31T00:00:00Z|S854|"https://statistik.zh.ch/internet/justiz_inneres/statistik/de/daten/gemeindeportraet_kanton_zuerich.html?tab=indikatoren&jahr=2017&indikatoren=133&bfs=14"
Q68356|P1082|655|P585|+2017-12-31T00:00:00Z|S854|"https://statistik.zh.ch/internet/justiz_inneres/statistik/de/daten/gemeindeportraet_kanton_zuerich.html?tab=indikatoren&jahr=2017&indikatoren=133&bfs=21"
Q70171|P1082|857|P585|+2017-12-31T00:00:00Z|S854|"https://statistik.zh.ch/internet/justiz_inneres/statistik/de/daten/gemeindeportraet_kanton_zuerich.html?tab=indikatoren&jahr=2017&indikatoren=133&bfs=22"
Q65781|P1082|562|P585|+2017-12-31T00:00:00Z|S854|"https://statistik.zh.ch/internet/justiz_inneres/statistik/de/daten/gemeindeportraet_kanton_zuerich.html?tab=indikatoren&jahr=2017&indikatoren=133&bfs=23"
Q68451|P1082|970|P585|+2017-12-31T00:00:00Z|S854|"https://statistik.zh.ch/internet/justiz_inneres/statistik/de/daten/gemeindeportraet_kanton_zuerich.html?tab=indikatoren&jahr=2017&indikatoren=133&bfs=24"
Q67949|P1082|1931|P585|+2017-12-31T00:00:00Z|S854|"https://statistik.zh.ch/internet/justiz_inneres/statistik/de/daten/gemeindeportraet_kanton_zuerich.html?tab=indikatoren&jahr=2017&indikatoren=133&bfs=25"
Q70283|P1082|684|P585|+2017-12-31T00:00:00Z|S854|"https://statistik.zh.ch/internet/justiz_inneres/statistik/de/daten/gemeindeportraet_kanton_zuerich.html?tab=indikatoren&jahr=2017&indikatoren=133&bfs=26"
Q66283|P1082|3636|P585|+2017-12-31T00:00:00Z|S854|"https://statistik.zh.ch/internet/justiz_inneres/statistik/de/daten/gemeindeportraet_kanton_zuerich.html?tab=indikatoren&jahr=2017&indikatoren=133&bfs=27"
Q70367|P1082|1375|P585|+2017-12-31T00:00:00Z|S854|"https://statistik.zh.ch/internet/justiz_inneres/statistik/de/daten/gemeindeportraet_kanton_zuerich.html?tab=indikatoren&jahr=2017&indikatoren=133&bfs=28"
Q66757|P1082|1437|P585|+2017-12-31T00:00:00Z|S854|"https://statistik.zh.ch/internet/justiz_inneres/statistik/de/daten/gemeindeportraet_kanton_zuerich.html?tab=indikatoren&jahr=2017&indikatoren=133&bfs=29"
Q68423|P1082|2201|P585|+2017-12-31T00:00:00Z|S854|"https://statistik.zh.ch/internet/justiz_inneres/statistik/de/daten/gemeindeportraet_kanton_zuerich.html?tab=indikatoren&jahr=2017&indikatoren=133&bfs=30"
Q68417|P1082|2256|P585|+2017-12-31T00:00:00Z|S854|"https://statistik.zh.ch/internet/justiz_inneres/statistik/de/daten/gemeindeportraet_kanton_zuerich.html?tab=indikatoren&jahr=2017&indikatoren=133&bfs=31"
Q68447|P1082|486|P585|+2017-12-31T00:00:00Z|S854|"https://statistik.zh.ch/internet/justiz_inneres/statistik/de/daten/gemeindeportraet_kanton_zuerich.html?tab=indikatoren&jahr=2017&indikatoren=133&bfs=32"
Q68413|P1082|2077|P585|+2017-12-31T00:00:00Z|S854|"https://statistik.zh.ch/internet/justiz_inneres/statistik/de/daten/gemeindeportraet_kanton_zuerich.html?tab=indikatoren&jahr=2017&indikatoren=133&bfs=33"
Q66336|P1082|1669|P585|+2017-12-31T00:00:00Z|S854|"https://statistik.zh.ch/internet/justiz_inneres/statistik/de/daten/gemeindeportraet_kanton_zuerich.html?tab=indikatoren&jahr=2017&indikatoren=133&bfs=34"
Q67213|P1082|1949|P585|+2017-12-31T00:00:00Z|S854|"https://statistik.zh.ch/internet/justiz_inneres/statistik/de/daten/gemeindeportraet_kanton_zuerich.html?tab=indikatoren&jahr=2017&indikatoren=133&bfs=35"
Q67902|P1082|1196|P585|+2017-12-31T00:00:00Z|S854|"https://statistik.zh.ch/internet/justiz_inneres/statistik/de/daten/gemeindeportraet_kanton_zuerich.html?tab=indikatoren&jahr=2017&indikatoren=133&bfs=36"
Q68393|P1082|1566|P585|+2017-12-31T00:00:00Z|S854|"https://statistik.zh.ch/internet/justiz_inneres/statistik/de/daten/gemeindeportraet_kanton_zuerich.html?tab=indikatoren&jahr=2017&indikatoren=133&bfs=37"
Q67534|P1082|1298|P585|+2017-12-31T00:00:00Z|S854|"https://statistik.zh.ch/internet/justiz_inneres/statistik/de/daten/gemeindeportraet_kanton_zuerich.html?tab=indikatoren&jahr=2017&indikatoren=133&bfs=38"
Q65844|P1082|922|P585|+2017-12-31T00:00:00Z|S854|"https://statistik.zh.ch/internet/justiz_inneres/statistik/de/daten/gemeindeportraet_kanton_zuerich.html?tab=indikatoren&jahr=2017&indikatoren=133&bfs=39"
Q67933|P1082|1054|P585|+2017-12-31T00:00:00Z|S854|"https://statistik.zh.ch/internet/justiz_inneres/statistik/de/daten/gemeindeportraet_kanton_zuerich.html?tab=indikatoren&jahr=2017&indikatoren=133&bfs=40"
Q70072|P1082|477|P585|+2017-12-31T00:00:00Z|S854|"https://statistik.zh.ch/internet/justiz_inneres/statistik/de/daten/gemeindeportraet_kanton_zuerich.html?tab=indikatoren&jahr=2017&indikatoren=133&bfs=41"
Q67937|P1082|891|P585|+2017-12-31T00:00:00Z|S854|"https://statistik.zh.ch/internet/justiz_inneres/statistik/de/daten/gemeindeportraet_kanton_zuerich.html?tab=indikatoren&jahr=2017&indikatoren=133&bfs=42"
Q67922|P1082|337|P585|+2017-12-31T00:00:00Z|S854|"https://statistik.zh.ch/internet/justiz_inneres/statistik/de/daten/gemeindeportraet_kanton_zuerich.html?tab=indikatoren&jahr=2017&indikatoren=133&bfs=43"
Q67302|P1082|654|P585|+2017-12-31T00:00:00Z|S854|"https://statistik.zh.ch/internet/justiz_inneres/statistik/de/daten/gemeindeportraet_kanton_zuerich.html?tab=indikatoren&jahr=2017&indikatoren=133&bfs=44"
Q69887|P1082|4092|P585|+2017-12-31T00:00:00Z|S854|"https://statistik.zh.ch/internet/justiz_inneres/statistik/de/daten/gemeindeportraet_kanton_zuerich.html?tab=indikatoren&jahr=2017&indikatoren=133&bfs=51"
Q69734|P1082|11593|P585|+2017-12-31T00:00:00Z|S854|"https://statistik.zh.ch/internet/justiz_inneres/statistik/de/daten/gemeindeportraet_kanton_zuerich.html?tab=indikatoren&jahr=2017&indikatoren=133&bfs=52"
Q9093|P1082|19817|P585|+2017-12-31T00:00:00Z|S854|"https://statistik.zh.ch/internet/justiz_inneres/statistik/de/daten/gemeindeportraet_kanton_zuerich.html?tab=indikatoren&jahr=2017&indikatoren=133&bfs=53"
Q65164|P1082|7685|P585|+2017-12-31T00:00:00Z|S854|"https://statistik.zh.ch/internet/justiz_inneres/statistik/de/daten/gemeindeportraet_kanton_zuerich.html?tab=indikatoren&jahr=2017&indikatoren=133&bfs=54"
Q69175|P1082|5170|P585|+2017-12-31T00:00:00Z|S854|"https://statistik.zh.ch/internet/justiz_inneres/statistik/de/daten/gemeindeportraet_kanton_zuerich.html?tab=indikatoren&jahr=2017&indikatoren=133&bfs=55"
Q65877|P1082|9419|P585|+2017-12-31T00:00:00Z|S854|"https://statistik.zh.ch/internet/justiz_inneres/statistik/de/daten/gemeindeportraet_kanton_zuerich.html?tab=indikatoren&jahr=2017&indikatoren=133&bfs=56"
Q66964|P1082|2371|P585|+2017-12-31T00:00:00Z|S854|"https://statistik.zh.ch/internet/justiz_inneres/statistik/de/daten/gemeindeportraet_kanton_zuerich.html?tab=indikatoren&jahr=2017&indikatoren=133&bfs=57"
Q68399|P1082|5189|P585|+2017-12-31T00:00:00Z|S854|"https://statistik.zh.ch/internet/justiz_inneres/statistik/de/daten/gemeindeportraet_kanton_zuerich.html?tab=indikatoren&jahr=2017&indikatoren=133&bfs=58"
Q68410|P1082|1927|P585|+2017-12-31T00:00:00Z|S854|"https://statistik.zh.ch/internet/justiz_inneres/statistik/de/daten/gemeindeportraet_kanton_zuerich.html?tab=indikatoren&jahr=2017&indikatoren=133&bfs=59"
Q70377|P1082|2721|P585|+2017-12-31T00:00:00Z|S854|"https://statistik.zh.ch/internet/justiz_inneres/statistik/de/daten/gemeindeportraet_kanton_zuerich.html?tab=indikatoren&jahr=2017&indikatoren=133&bfs=60"
Q69367|P1082|1020|P585|+2017-12-31T00:00:00Z|S854|"https://statistik.zh.ch/internet/justiz_inneres/statistik/de/daten/gemeindeportraet_kanton_zuerich.html?tab=indikatoren&jahr=2017&indikatoren=133&bfs=61"
Q68165|P1082|19362|P585|+2017-12-31T00:00:00Z|S854|"https://statistik.zh.ch/internet/justiz_inneres/statistik/de/daten/gemeindeportraet_kanton_zuerich.html?tab=indikatoren&jahr=2017&indikatoren=133&bfs=62"
Q67912|P1082|2373|P585|+2017-12-31T00:00:00Z|S854|"https://statistik.zh.ch/internet/justiz_inneres/statistik/de/daten/gemeindeportraet_kanton_zuerich.html?tab=indikatoren&jahr=2017&indikatoren=133&bfs=63"
Q67898|P1082|5591|P585|+2017-12-31T00:00:00Z|S854|"https://statistik.zh.ch/internet/justiz_inneres/statistik/de/daten/gemeindeportraet_kanton_zuerich.html?tab=indikatoren&jahr=2017&indikatoren=133&bfs=64"
Q65512|P1082|1057|P585|+2017-12-31T00:00:00Z|S854|"https://statistik.zh.ch/internet/justiz_inneres/statistik/de/daten/gemeindeportraet_kanton_zuerich.html?tab=indikatoren&jahr=2017&indikatoren=133&bfs=65"
Q64224|P1082|19864|P585|+2017-12-31T00:00:00Z|S854|"https://statistik.zh.ch/internet/justiz_inneres/statistik/de/daten/gemeindeportraet_kanton_zuerich.html?tab=indikatoren&jahr=2017&indikatoren=133&bfs=66"
Q66457|P1082|4462|P585|+2017-12-31T00:00:00Z|S854|"https://statistik.zh.ch/internet/justiz_inneres/statistik/de/daten/gemeindeportraet_kanton_zuerich.html?tab=indikatoren&jahr=2017&indikatoren=133&bfs=67"
Q67909|P1082|2837|P585|+2017-12-31T00:00:00Z|S854|"https://statistik.zh.ch/internet/justiz_inneres/statistik/de/daten/gemeindeportraet_kanton_zuerich.html?tab=indikatoren&jahr=2017&indikatoren=133&bfs=68"
Q69374|P1082|15855|P585|+2017-12-31T00:00:00Z|S854|"https://statistik.zh.ch/internet/justiz_inneres/statistik/de/daten/gemeindeportraet_kanton_zuerich.html?tab=indikatoren&jahr=2017&indikatoren=133&bfs=69"
Q67882|P1082|574|P585|+2017-12-31T00:00:00Z|S854|"https://statistik.zh.ch/internet/justiz_inneres/statistik/de/daten/gemeindeportraet_kanton_zuerich.html?tab=indikatoren&jahr=2017&indikatoren=133&bfs=70"
Q67223|P1082|1407|P585|+2017-12-31T00:00:00Z|S854|"https://statistik.zh.ch/internet/justiz_inneres/statistik/de/daten/gemeindeportraet_kanton_zuerich.html?tab=indikatoren&jahr=2017&indikatoren=133&bfs=71"
Q66588|P1082|4511|P585|+2017-12-31T00:00:00Z|S854|"https://statistik.zh.ch/internet/justiz_inneres/statistik/de/daten/gemeindeportraet_kanton_zuerich.html?tab=indikatoren&jahr=2017&indikatoren=133&bfs=72"
Q70273|P1082|588|P585|+2017-12-31T00:00:00Z|S854|"https://statistik.zh.ch/internet/justiz_inneres/statistik/de/daten/gemeindeportraet_kanton_zuerich.html?tab=indikatoren&jahr=2017&indikatoren=133&bfs=81"
Q67062|P1082|1365|P585|+2017-12-31T00:00:00Z|S854|"https://statistik.zh.ch/internet/justiz_inneres/statistik/de/daten/gemeindeportraet_kanton_zuerich.html?tab=indikatoren&jahr=2017&indikatoren=133&bfs=82"
Q67539|P1082|6303|P585|+2017-12-31T00:00:00Z|S854|"https://statistik.zh.ch/internet/justiz_inneres/statistik/de/daten/gemeindeportraet_kanton_zuerich.html?tab=indikatoren&jahr=2017&indikatoren=133&bfs=83"
Q66755|P1082|4100|P585|+2017-12-31T00:00:00Z|S854|"https://statistik.zh.ch/internet/justiz_inneres/statistik/de/daten/gemeindeportraet_kanton_zuerich.html?tab=indikatoren&jahr=2017&indikatoren=133&bfs=84"
Q70131|P1082|1869|P585|+2017-12-31T00:00:00Z|S854|"https://statistik.zh.ch/internet/justiz_inneres/statistik/de/daten/gemeindeportraet_kanton_zuerich.html?tab=indikatoren&jahr=2017&indikatoren=133&bfs=85"
Q67951|P1082|5940|P585|+2017-12-31T00:00:00Z|S854|"https://statistik.zh.ch/internet/justiz_inneres/statistik/de/daten/gemeindeportraet_kanton_zuerich.html?tab=indikatoren&jahr=2017&indikatoren=133&bfs=86"
Q65671|P1082|925|P585|+2017-12-31T00:00:00Z|S854|"https://statistik.zh.ch/internet/justiz_inneres/statistik/de/daten/gemeindeportraet_kanton_zuerich.html?tab=indikatoren&jahr=2017&indikatoren=133&bfs=87"
Q68395|P1082|3140|P585|+2017-12-31T00:00:00Z|S854|"https://statistik.zh.ch/internet/justiz_inneres/statistik/de/daten/gemeindeportraet_kanton_zuerich.html?tab=indikatoren&jahr=2017&indikatoren=133&bfs=88"
Q67920|P1082|4917|P585|+2017-12-31T00:00:00Z|S854|"https://statistik.zh.ch/internet/justiz_inneres/statistik/de/daten/gemeindeportraet_kanton_zuerich.html?tab=indikatoren&jahr=2017&indikatoren=133&bfs=89"
Q67042|P1082|9188|P585|+2017-12-31T00:00:00Z|S854|"https://statistik.zh.ch/internet/justiz_inneres/statistik/de/daten/gemeindeportraet_kanton_zuerich.html?tab=indikatoren&jahr=2017&indikatoren=133&bfs=90"
Q66411|P1082|3024|P585|+2017-12-31T00:00:00Z|S854|"https://statistik.zh.ch/internet/justiz_inneres/statistik/de/daten/gemeindeportraet_kanton_zuerich.html?tab=indikatoren&jahr=2017&indikatoren=133&bfs=91"
Q70022|P1082|6964|P585|+2017-12-31T00:00:00Z|S854|"https://statistik.zh.ch/internet/justiz_inneres/statistik/de/daten/gemeindeportraet_kanton_zuerich.html?tab=indikatoren&jahr=2017&indikatoren=133&bfs=92"
Q70264|P1082|1797|P585|+2017-12-31T00:00:00Z|S854|"https://statistik.zh.ch/internet/justiz_inneres/statistik/de/daten/gemeindeportraet_kanton_zuerich.html?tab=indikatoren&jahr=2017&indikatoren=133&bfs=93"
Q66156|P1082|2831|P585|+2017-12-31T00:00:00Z|S854|"https://statistik.zh.ch/internet/justiz_inneres/statistik/de/daten/gemeindeportraet_kanton_zuerich.html?tab=indikatoren&jahr=2017&indikatoren=133&bfs=94"
Q70197|P1082|473|P585|+2017-12-31T00:00:00Z|S854|"https://statistik.zh.ch/internet/justiz_inneres/statistik/de/daten/gemeindeportraet_kanton_zuerich.html?tab=indikatoren&jahr=2017&indikatoren=133&bfs=95"
Q64205|P1082|18253|P585|+2017-12-31T00:00:00Z|S854|"https://statistik.zh.ch/internet/justiz_inneres/statistik/de/daten/gemeindeportraet_kanton_zuerich.html?tab=indikatoren&jahr=2017&indikatoren=133&bfs=96"
Q67894|P1082|7929|P585|+2017-12-31T00:00:00Z|S854|"https://statistik.zh.ch/internet/justiz_inneres/statistik/de/daten/gemeindeportraet_kanton_zuerich.html?tab=indikatoren&jahr=2017&indikatoren=133&bfs=97"
Q67884|P1082|736|P585|+2017-12-31T00:00:00Z|S854|"https://statistik.zh.ch/internet/justiz_inneres/statistik/de/daten/gemeindeportraet_kanton_zuerich.html?tab=indikatoren&jahr=2017&indikatoren=133&bfs=98"
Q70295|P1082|1398|P585|+2017-12-31T00:00:00Z|S854|"https://statistik.zh.ch/internet/justiz_inneres/statistik/de/daten/gemeindeportraet_kanton_zuerich.html?tab=indikatoren&jahr=2017&indikatoren=133&bfs=99"
Q67907|P1082|2271|P585|+2017-12-31T00:00:00Z|S854|"https://statistik.zh.ch/internet/justiz_inneres/statistik/de/daten/gemeindeportraet_kanton_zuerich.html?tab=indikatoren&jahr=2017&indikatoren=133&bfs=100"
Q67887|P1082|3460|P585|+2017-12-31T00:00:00Z|S854|"https://statistik.zh.ch/internet/justiz_inneres/statistik/de/daten/gemeindeportraet_kanton_zuerich.html?tab=indikatoren&jahr=2017&indikatoren=133&bfs=101"
Q70088|P1082|1750|P585|+2017-12-31T00:00:00Z|S854|"https://statistik.zh.ch/internet/justiz_inneres/statistik/de/daten/gemeindeportraet_kanton_zuerich.html?tab=indikatoren&jahr=2017&indikatoren=133&bfs=102"
Q65868|P1082|5026|P585|+2017-12-31T00:00:00Z|S854|"https://statistik.zh.ch/internet/justiz_inneres/statistik/de/daten/gemeindeportraet_kanton_zuerich.html?tab=indikatoren&jahr=2017&indikatoren=133&bfs=111"
Q67068|P1082|7194|P585|+2017-12-31T00:00:00Z|S854|"https://statistik.zh.ch/internet/justiz_inneres/statistik/de/daten/gemeindeportraet_kanton_zuerich.html?tab=indikatoren&jahr=2017&indikatoren=133&bfs=112"
Q67220|P1082|7518|P585|+2017-12-31T00:00:00Z|S854|"https://statistik.zh.ch/internet/justiz_inneres/statistik/de/daten/gemeindeportraet_kanton_zuerich.html?tab=indikatoren&jahr=2017&indikatoren=133&bfs=113"
Q65854|P1082|2504|P585|+2017-12-31T00:00:00Z|S854|"https://statistik.zh.ch/internet/justiz_inneres/statistik/de/daten/gemeindeportraet_kanton_zuerich.html?tab=indikatoren&jahr=2017&indikatoren=133&bfs=114"
Q67525|P1082|9937|P585|+2017-12-31T00:00:00Z|S854|"https://statistik.zh.ch/internet/justiz_inneres/statistik/de/daten/gemeindeportraet_kanton_zuerich.html?tab=indikatoren&jahr=2017&indikatoren=133&bfs=115"
Q67120|P1082|3361|P585|+2017-12-31T00:00:00Z|S854|"https://statistik.zh.ch/internet/justiz_inneres/statistik/de/daten/gemeindeportraet_kanton_zuerich.html?tab=indikatoren&jahr=2017&indikatoren=133&bfs=116"
Q69383|P1082|11179|P585|+2017-12-31T00:00:00Z|S854|"https://statistik.zh.ch/internet/justiz_inneres/statistik/de/daten/gemeindeportraet_kanton_zuerich.html?tab=indikatoren&jahr=2017&indikatoren=133&bfs=117"
Q69752|P1082|12098|P585|+2017-12-31T00:00:00Z|S854|"https://statistik.zh.ch/internet/justiz_inneres/statistik/de/daten/gemeindeportraet_kanton_zuerich.html?tab=indikatoren&jahr=2017&indikatoren=133&bfs=118"
Q67310|P1082|1426|P585|+2017-12-31T00:00:00Z|S854|"https://statistik.zh.ch/internet/justiz_inneres/statistik/de/daten/gemeindeportraet_kanton_zuerich.html?tab=indikatoren&jahr=2017&indikatoren=133&bfs=119"
Q67272|P1082|9758|P585|+2017-12-31T00:00:00Z|S854|"https://statistik.zh.ch/internet/justiz_inneres/statistik/de/daten/gemeindeportraet_kanton_zuerich.html?tab=indikatoren&jahr=2017&indikatoren=133&bfs=120"
Q68305|P1082|24452|P585|+2017-12-31T00:00:00Z|S854|"https://statistik.zh.ch/internet/justiz_inneres/statistik/de/daten/gemeindeportraet_kanton_zuerich.html?tab=indikatoren&jahr=2017&indikatoren=133&bfs=121"
Q68210|P1082|18731|P585|+2017-12-31T00:00:00Z|S854|"https://statistik.zh.ch/internet/justiz_inneres/statistik/de/daten/gemeindeportraet_kanton_zuerich.html?tab=indikatoren&jahr=2017&indikatoren=133&bfs=131"
Q66338|P1082|2158|P585|+2017-12-31T00:00:00Z|S854|"https://statistik.zh.ch/internet/justiz_inneres/statistik/de/daten/gemeindeportraet_kanton_zuerich.html?tab=indikatoren&jahr=2017&indikatoren=133&bfs=132"
NA|P1082|20253|P585|+2017-12-31T00:00:00Z|S854|"https://statistik.zh.ch/internet/justiz_inneres/statistik/de/daten/gemeindeportraet_kanton_zuerich.html?tab=indikatoren&jahr=2017&indikatoren=133&bfs=133"
Q66892|P1082|895|P585|+2017-12-31T00:00:00Z|S854|"https://statistik.zh.ch/internet/justiz_inneres/statistik/de/daten/gemeindeportraet_kanton_zuerich.html?tab=indikatoren&jahr=2017&indikatoren=133&bfs=134"
Q66633|P1082|8437|P585|+2017-12-31T00:00:00Z|S854|"https://statistik.zh.ch/internet/justiz_inneres/statistik/de/daten/gemeindeportraet_kanton_zuerich.html?tab=indikatoren&jahr=2017&indikatoren=133&bfs=135"
Q65347|P1082|7500|P585|+2017-12-31T00:00:00Z|S854|"https://statistik.zh.ch/internet/justiz_inneres/statistik/de/daten/gemeindeportraet_kanton_zuerich.html?tab=indikatoren&jahr=2017&indikatoren=133&bfs=136"
Q65528|P1082|5071|P585|+2017-12-31T00:00:00Z|S854|"https://statistik.zh.ch/internet/justiz_inneres/statistik/de/daten/gemeindeportraet_kanton_zuerich.html?tab=indikatoren&jahr=2017&indikatoren=133&bfs=137"
Q68227|P1082|13407|P585|+2017-12-31T00:00:00Z|S854|"https://statistik.zh.ch/internet/justiz_inneres/statistik/de/daten/gemeindeportraet_kanton_zuerich.html?tab=indikatoren&jahr=2017&indikatoren=133&bfs=138"
Q66819|P1082|5830|P585|+2017-12-31T00:00:00Z|S854|"https://statistik.zh.ch/internet/justiz_inneres/statistik/de/daten/gemeindeportraet_kanton_zuerich.html?tab=indikatoren&jahr=2017&indikatoren=133&bfs=139"
Q67528|P1082|1844|P585|+2017-12-31T00:00:00Z|S854|"https://statistik.zh.ch/internet/justiz_inneres/statistik/de/daten/gemeindeportraet_kanton_zuerich.html?tab=indikatoren&jahr=2017&indikatoren=133&bfs=140"
Q68959|P1082|17784|P585|+2017-12-31T00:00:00Z|S854|"https://statistik.zh.ch/internet/justiz_inneres/statistik/de/daten/gemeindeportraet_kanton_zuerich.html?tab=indikatoren&jahr=2017&indikatoren=133&bfs=141"
Q69718|P1082|21716|P585|+2017-12-31T00:00:00Z|S854|"https://statistik.zh.ch/internet/justiz_inneres/statistik/de/daten/gemeindeportraet_kanton_zuerich.html?tab=indikatoren&jahr=2017&indikatoren=133&bfs=142"
Q69203|P1082|5567|P585|+2017-12-31T00:00:00Z|S854|"https://statistik.zh.ch/internet/justiz_inneres/statistik/de/daten/gemeindeportraet_kanton_zuerich.html?tab=indikatoren&jahr=2017&indikatoren=133&bfs=151"
Q69224|P1082|6290|P585|+2017-12-31T00:00:00Z|S854|"https://statistik.zh.ch/internet/justiz_inneres/statistik/de/daten/gemeindeportraet_kanton_zuerich.html?tab=indikatoren&jahr=2017&indikatoren=133&bfs=152"
Q69188|P1082|8595|P585|+2017-12-31T00:00:00Z|S854|"https://statistik.zh.ch/internet/justiz_inneres/statistik/de/daten/gemeindeportraet_kanton_zuerich.html?tab=indikatoren&jahr=2017&indikatoren=133&bfs=153"
Q69216|P1082|14250|P585|+2017-12-31T00:00:00Z|S854|"https://statistik.zh.ch/internet/justiz_inneres/statistik/de/daten/gemeindeportraet_kanton_zuerich.html?tab=indikatoren&jahr=2017&indikatoren=133&bfs=154"
Q64627|P1082|10913|P585|+2017-12-31T00:00:00Z|S854|"https://statistik.zh.ch/internet/justiz_inneres/statistik/de/daten/gemeindeportraet_kanton_zuerich.html?tab=indikatoren&jahr=2017&indikatoren=133&bfs=155"
Q68261|P1082|13958|P585|+2017-12-31T00:00:00Z|S854|"https://statistik.zh.ch/internet/justiz_inneres/statistik/de/daten/gemeindeportraet_kanton_zuerich.html?tab=indikatoren&jahr=2017&indikatoren=133&bfs=156"
Q67354|P1082|4754|P585|+2017-12-31T00:00:00Z|S854|"https://statistik.zh.ch/internet/justiz_inneres/statistik/de/daten/gemeindeportraet_kanton_zuerich.html?tab=indikatoren&jahr=2017&indikatoren=133&bfs=157"
Q69774|P1082|14389|P585|+2017-12-31T00:00:00Z|S854|"https://statistik.zh.ch/internet/justiz_inneres/statistik/de/daten/gemeindeportraet_kanton_zuerich.html?tab=indikatoren&jahr=2017&indikatoren=133&bfs=158"
Q67058|P1082|6145|P585|+2017-12-31T00:00:00Z|S854|"https://statistik.zh.ch/internet/justiz_inneres/statistik/de/daten/gemeindeportraet_kanton_zuerich.html?tab=indikatoren&jahr=2017&indikatoren=133&bfs=159"
Q66898|P1082|5120|P585|+2017-12-31T00:00:00Z|S854|"https://statistik.zh.ch/internet/justiz_inneres/statistik/de/daten/gemeindeportraet_kanton_zuerich.html?tab=indikatoren&jahr=2017&indikatoren=133&bfs=160"
NA|P1082|12961|P585|+2017-12-31T00:00:00Z|S854|"https://statistik.zh.ch/internet/justiz_inneres/statistik/de/daten/gemeindeportraet_kanton_zuerich.html?tab=indikatoren&jahr=2017&indikatoren=133&bfs=161"
Q70369|P1082|6378|P585|+2017-12-31T00:00:00Z|S854|"https://statistik.zh.ch/internet/justiz_inneres/statistik/de/daten/gemeindeportraet_kanton_zuerich.html?tab=indikatoren&jahr=2017&indikatoren=133&bfs=172"
Q65841|P1082|3613|P585|+2017-12-31T00:00:00Z|S854|"https://statistik.zh.ch/internet/justiz_inneres/statistik/de/daten/gemeindeportraet_kanton_zuerich.html?tab=indikatoren&jahr=2017&indikatoren=133&bfs=173"
Q65759|P1082|5621|P585|+2017-12-31T00:00:00Z|S854|"https://statistik.zh.ch/internet/justiz_inneres/statistik/de/daten/gemeindeportraet_kanton_zuerich.html?tab=indikatoren&jahr=2017&indikatoren=133&bfs=176"
Q68269|P1082|11817|P585|+2017-12-31T00:00:00Z|S854|"https://statistik.zh.ch/internet/justiz_inneres/statistik/de/daten/gemeindeportraet_kanton_zuerich.html?tab=indikatoren&jahr=2017&indikatoren=133&bfs=177"
Q67957|P1082|4355|P585|+2017-12-31T00:00:00Z|S854|"https://statistik.zh.ch/internet/justiz_inneres/statistik/de/daten/gemeindeportraet_kanton_zuerich.html?tab=indikatoren&jahr=2017&indikatoren=133&bfs=178"
Q70375|P1082|3301|P585|+2017-12-31T00:00:00Z|S854|"https://statistik.zh.ch/internet/justiz_inneres/statistik/de/daten/gemeindeportraet_kanton_zuerich.html?tab=indikatoren&jahr=2017&indikatoren=133&bfs=180"
Q66752|P1082|1975|P585|+2017-12-31T00:00:00Z|S854|"https://statistik.zh.ch/internet/justiz_inneres/statistik/de/daten/gemeindeportraet_kanton_zuerich.html?tab=indikatoren&jahr=2017&indikatoren=133&bfs=181"
Q67346|P1082|994|P585|+2017-12-31T00:00:00Z|S854|"https://statistik.zh.ch/internet/justiz_inneres/statistik/de/daten/gemeindeportraet_kanton_zuerich.html?tab=indikatoren&jahr=2017&indikatoren=133&bfs=182"
Q64082|P1082|28002|P585|+2017-12-31T00:00:00Z|S854|"https://statistik.zh.ch/internet/justiz_inneres/statistik/de/daten/gemeindeportraet_kanton_zuerich.html?tab=indikatoren&jahr=2017&indikatoren=133&bfs=191"
Q64877|P1082|8442|P585|+2017-12-31T00:00:00Z|S854|"https://statistik.zh.ch/internet/justiz_inneres/statistik/de/daten/gemeindeportraet_kanton_zuerich.html?tab=indikatoren&jahr=2017&indikatoren=133&bfs=192"
Q64869|P1082|8575|P585|+2017-12-31T00:00:00Z|S854|"https://statistik.zh.ch/internet/justiz_inneres/statistik/de/daten/gemeindeportraet_kanton_zuerich.html?tab=indikatoren&jahr=2017&indikatoren=133&bfs=193"
Q64882|P1082|5345|P585|+2017-12-31T00:00:00Z|S854|"https://statistik.zh.ch/internet/justiz_inneres/statistik/de/daten/gemeindeportraet_kanton_zuerich.html?tab=indikatoren&jahr=2017&indikatoren=133&bfs=194"
Q64857|P1082|10148|P585|+2017-12-31T00:00:00Z|S854|"https://statistik.zh.ch/internet/justiz_inneres/statistik/de/daten/gemeindeportraet_kanton_zuerich.html?tab=indikatoren&jahr=2017&indikatoren=133&bfs=195"
Q66747|P1082|3715|P585|+2017-12-31T00:00:00Z|S854|"https://statistik.zh.ch/internet/justiz_inneres/statistik/de/daten/gemeindeportraet_kanton_zuerich.html?tab=indikatoren&jahr=2017&indikatoren=133&bfs=196"
Q66814|P1082|5088|P585|+2017-12-31T00:00:00Z|S854|"https://statistik.zh.ch/internet/justiz_inneres/statistik/de/daten/gemeindeportraet_kanton_zuerich.html?tab=indikatoren&jahr=2017&indikatoren=133&bfs=197"
Q64032|P1082|34442|P585|+2017-12-31T00:00:00Z|S854|"https://statistik.zh.ch/internet/justiz_inneres/statistik/de/daten/gemeindeportraet_kanton_zuerich.html?tab=indikatoren&jahr=2017&indikatoren=133&bfs=198"
Q69754|P1082|18615|P585|+2017-12-31T00:00:00Z|S854|"https://statistik.zh.ch/internet/justiz_inneres/statistik/de/daten/gemeindeportraet_kanton_zuerich.html?tab=indikatoren&jahr=2017&indikatoren=133&bfs=199"
Q66829|P1082|7892|P585|+2017-12-31T00:00:00Z|S854|"https://statistik.zh.ch/internet/justiz_inneres/statistik/de/daten/gemeindeportraet_kanton_zuerich.html?tab=indikatoren&jahr=2017&indikatoren=133&bfs=200"
Q65929|P1082|674|P585|+2017-12-31T00:00:00Z|S854|"https://statistik.zh.ch/internet/justiz_inneres/statistik/de/daten/gemeindeportraet_kanton_zuerich.html?tab=indikatoren&jahr=2017&indikatoren=133&bfs=211"
Q65812|P1082|2016|P585|+2017-12-31T00:00:00Z|S854|"https://statistik.zh.ch/internet/justiz_inneres/statistik/de/daten/gemeindeportraet_kanton_zuerich.html?tab=indikatoren&jahr=2017&indikatoren=133&bfs=213"
Q68437|P1082|1012|P585|+2017-12-31T00:00:00Z|S854|"https://statistik.zh.ch/internet/justiz_inneres/statistik/de/daten/gemeindeportraet_kanton_zuerich.html?tab=indikatoren&jahr=2017&indikatoren=133&bfs=214"
Q70381|P1082|783|P585|+2017-12-31T00:00:00Z|S854|"https://statistik.zh.ch/internet/justiz_inneres/statistik/de/daten/gemeindeportraet_kanton_zuerich.html?tab=indikatoren&jahr=2017&indikatoren=133&bfs=215"
Q65795|P1082|1551|P585|+2017-12-31T00:00:00Z|S854|"https://statistik.zh.ch/internet/justiz_inneres/statistik/de/daten/gemeindeportraet_kanton_zuerich.html?tab=indikatoren&jahr=2017&indikatoren=133&bfs=216"
NA|P1082|4403|P585|+2017-12-31T00:00:00Z|S854|"https://statistik.zh.ch/internet/justiz_inneres/statistik/de/daten/gemeindeportraet_kanton_zuerich.html?tab=indikatoren&jahr=2017&indikatoren=133&bfs=217"
Q65769|P1082|903|P585|+2017-12-31T00:00:00Z|S854|"https://statistik.zh.ch/internet/justiz_inneres/statistik/de/daten/gemeindeportraet_kanton_zuerich.html?tab=indikatoren&jahr=2017&indikatoren=133&bfs=218"
Q64832|P1082|3616|P585|+2017-12-31T00:00:00Z|S854|"https://statistik.zh.ch/internet/justiz_inneres/statistik/de/daten/gemeindeportraet_kanton_zuerich.html?tab=indikatoren&jahr=2017&indikatoren=133&bfs=219"
Q65926|P1082|1105|P585|+2017-12-31T00:00:00Z|S854|"https://statistik.zh.ch/internet/justiz_inneres/statistik/de/daten/gemeindeportraet_kanton_zuerich.html?tab=indikatoren&jahr=2017&indikatoren=133&bfs=220"
Q64967|P1082|3174|P585|+2017-12-31T00:00:00Z|S854|"https://statistik.zh.ch/internet/justiz_inneres/statistik/de/daten/gemeindeportraet_kanton_zuerich.html?tab=indikatoren&jahr=2017&indikatoren=133&bfs=221"
Q65792|P1082|500|P585|+2017-12-31T00:00:00Z|S854|"https://statistik.zh.ch/internet/justiz_inneres/statistik/de/daten/gemeindeportraet_kanton_zuerich.html?tab=indikatoren&jahr=2017&indikatoren=133&bfs=222"
Q65040|P1082|5533|P585|+2017-12-31T00:00:00Z|S854|"https://statistik.zh.ch/internet/justiz_inneres/statistik/de/daten/gemeindeportraet_kanton_zuerich.html?tab=indikatoren&jahr=2017&indikatoren=133&bfs=223"
Q65119|P1082|3831|P585|+2017-12-31T00:00:00Z|S854|"https://statistik.zh.ch/internet/justiz_inneres/statistik/de/daten/gemeindeportraet_kanton_zuerich.html?tab=indikatoren&jahr=2017&indikatoren=133&bfs=224"
Q68457|P1082|2655|P585|+2017-12-31T00:00:00Z|S854|"https://statistik.zh.ch/internet/justiz_inneres/statistik/de/daten/gemeindeportraet_kanton_zuerich.html?tab=indikatoren&jahr=2017&indikatoren=133&bfs=225"
Q68390|P1082|730|P585|+2017-12-31T00:00:00Z|S854|"https://statistik.zh.ch/internet/justiz_inneres/statistik/de/daten/gemeindeportraet_kanton_zuerich.html?tab=indikatoren&jahr=2017&indikatoren=133&bfs=226"
Q65805|P1082|7291|P585|+2017-12-31T00:00:00Z|S854|"https://statistik.zh.ch/internet/justiz_inneres/statistik/de/daten/gemeindeportraet_kanton_zuerich.html?tab=indikatoren&jahr=2017&indikatoren=133&bfs=227"
Q65858|P1082|4748|P585|+2017-12-31T00:00:00Z|S854|"https://statistik.zh.ch/internet/justiz_inneres/statistik/de/daten/gemeindeportraet_kanton_zuerich.html?tab=indikatoren&jahr=2017&indikatoren=133&bfs=228"
Q9125|P1082|110570|P585|+2017-12-31T00:00:00Z|S854|"https://statistik.zh.ch/internet/justiz_inneres/statistik/de/daten/gemeindeportraet_kanton_zuerich.html?tab=indikatoren&jahr=2017&indikatoren=133&bfs=230"
Q67211|P1082|5929|P585|+2017-12-31T00:00:00Z|S854|"https://statistik.zh.ch/internet/justiz_inneres/statistik/de/daten/gemeindeportraet_kanton_zuerich.html?tab=indikatoren&jahr=2017&indikatoren=133&bfs=231"
Q68342|P1082|1341|P585|+2017-12-31T00:00:00Z|S854|"https://statistik.zh.ch/internet/justiz_inneres/statistik/de/daten/gemeindeportraet_kanton_zuerich.html?tab=indikatoren&jahr=2017&indikatoren=133&bfs=241"
Q65282|P1082|6385|P585|+2017-12-31T00:00:00Z|S854|"https://statistik.zh.ch/internet/justiz_inneres/statistik/de/daten/gemeindeportraet_kanton_zuerich.html?tab=indikatoren&jahr=2017&indikatoren=133&bfs=242"
Q64070|P1082|26936|P585|+2017-12-31T00:00:00Z|S854|"https://statistik.zh.ch/internet/justiz_inneres/statistik/de/daten/gemeindeportraet_kanton_zuerich.html?tab=indikatoren&jahr=2017&indikatoren=133&bfs=243"
Q66660|P1082|4918|P585|+2017-12-31T00:00:00Z|S854|"https://statistik.zh.ch/internet/justiz_inneres/statistik/de/daten/gemeindeportraet_kanton_zuerich.html?tab=indikatoren&jahr=2017&indikatoren=133&bfs=244"
Q69963|P1082|6569|P585|+2017-12-31T00:00:00Z|S854|"https://statistik.zh.ch/internet/justiz_inneres/statistik/de/daten/gemeindeportraet_kanton_zuerich.html?tab=indikatoren&jahr=2017&indikatoren=133&bfs=245"
Q66414|P1082|2464|P585|+2017-12-31T00:00:00Z|S854|"https://statistik.zh.ch/internet/justiz_inneres/statistik/de/daten/gemeindeportraet_kanton_zuerich.html?tab=indikatoren&jahr=2017&indikatoren=133&bfs=246"
Q69148|P1082|18666|P585|+2017-12-31T00:00:00Z|S854|"https://statistik.zh.ch/internet/justiz_inneres/statistik/de/daten/gemeindeportraet_kanton_zuerich.html?tab=indikatoren&jahr=2017&indikatoren=133&bfs=247"
Q66678|P1082|4239|P585|+2017-12-31T00:00:00Z|S854|"https://statistik.zh.ch/internet/justiz_inneres/statistik/de/daten/gemeindeportraet_kanton_zuerich.html?tab=indikatoren&jahr=2017&indikatoren=133&bfs=248"
NA|P1082|3788|P585|+2017-12-31T00:00:00Z|S854|"https://statistik.zh.ch/internet/justiz_inneres/statistik/de/daten/gemeindeportraet_kanton_zuerich.html?tab=indikatoren&jahr=2017&indikatoren=133&bfs=249"
Q69109|P1082|9768|P585|+2017-12-31T00:00:00Z|S854|"https://statistik.zh.ch/internet/justiz_inneres/statistik/de/daten/gemeindeportraet_kanton_zuerich.html?tab=indikatoren&jahr=2017&indikatoren=133&bfs=250"
Q66093|P1082|4760|P585|+2017-12-31T00:00:00Z|S854|"https://statistik.zh.ch/internet/justiz_inneres/statistik/de/daten/gemeindeportraet_kanton_zuerich.html?tab=indikatoren&jahr=2017&indikatoren=133&bfs=251"
Q72|P1082|407447|P585|+2017-12-31T00:00:00Z|S854|"https://statistik.zh.ch/internet/justiz_inneres/statistik/de/daten/gemeindeportraet_kanton_zuerich.html?tab=indikatoren&jahr=2017&indikatoren=133&bfs=261"
Q64873|P1082|16928|P585|+2017-12-31T00:00:00Z|S854|"https://statistik.zh.ch/internet/justiz_inneres/statistik/de/daten/gemeindeportraet_kanton_zuerich.html?tab=indikatoren&jahr=2017&indikatoren=133&bfs=296"
Q67145|P1082|4925|P585|+2017-12-31T00:00:00Z|S854|"https://statistik.zh.ch/internet/justiz_inneres/statistik/de/daten/gemeindeportraet_kanton_zuerich.html?tab=indikatoren&jahr=2017&indikatoren=133&bfs=297"
Q64853|P1082|6355|P585|+2017-12-31T00:00:00Z|S854|"https://statistik.zh.ch/internet/justiz_inneres/statistik/de/daten/gemeindeportraet_kanton_zuerich.html?tab=indikatoren&jahr=2017&indikatoren=133&bfs=298"
NA|P1082|53531|P585|+2017-12-31T00:00:00Z|S854|"https://statistik.zh.ch/internet/justiz_inneres/statistik/de/daten/gemeindeportraet_kanton_zuerich.html?tab=indikatoren&jahr=2017&indikatoren=133&bfs=0"
NA|P1082|31140|P585|+2017-12-31T00:00:00Z|S854|"https://statistik.zh.ch/internet/justiz_inneres/statistik/de/daten/gemeindeportraet_kanton_zuerich.html?tab=indikatoren&jahr=2017&indikatoren=133&bfs=0"
NA|P1082|148897|P585|+2017-12-31T00:00:00Z|S854|"https://statistik.zh.ch/internet/justiz_inneres/statistik/de/daten/gemeindeportraet_kanton_zuerich.html?tab=indikatoren&jahr=2017&indikatoren=133&bfs=0"
NA|P1082|89221|P585|+2017-12-31T00:00:00Z|S854|"https://statistik.zh.ch/internet/justiz_inneres/statistik/de/daten/gemeindeportraet_kanton_zuerich.html?tab=indikatoren&jahr=2017&indikatoren=133&bfs=0"
NA|P1082|89834|P585|+2017-12-31T00:00:00Z|S854|"https://statistik.zh.ch/internet/justiz_inneres/statistik/de/daten/gemeindeportraet_kanton_zuerich.html?tab=indikatoren&jahr=2017&indikatoren=133&bfs=0"
NA|P1082|94453|P585|+2017-12-31T00:00:00Z|S854|"https://statistik.zh.ch/internet/justiz_inneres/statistik/de/daten/gemeindeportraet_kanton_zuerich.html?tab=indikatoren&jahr=2017&indikatoren=133&bfs=0"
NA|P1082|123626|P585|+2017-12-31T00:00:00Z|S854|"https://statistik.zh.ch/internet/justiz_inneres/statistik/de/daten/gemeindeportraet_kanton_zuerich.html?tab=indikatoren&jahr=2017&indikatoren=133&bfs=0"
NA|P1082|102942|P585|+2017-12-31T00:00:00Z|S854|"https://statistik.zh.ch/internet/justiz_inneres/statistik/de/daten/gemeindeportraet_kanton_zuerich.html?tab=indikatoren&jahr=2017&indikatoren=133&bfs=0"
NA|P1082|59907|P585|+2017-12-31T00:00:00Z|S854|"https://statistik.zh.ch/internet/justiz_inneres/statistik/de/daten/gemeindeportraet_kanton_zuerich.html?tab=indikatoren&jahr=2017&indikatoren=133&bfs=0"
NA|P1082|130264|P585|+2017-12-31T00:00:00Z|S854|"https://statistik.zh.ch/internet/justiz_inneres/statistik/de/daten/gemeindeportraet_kanton_zuerich.html?tab=indikatoren&jahr=2017&indikatoren=133&bfs=0"
NA|P1082|167379|P585|+2017-12-31T00:00:00Z|S854|"https://statistik.zh.ch/internet/justiz_inneres/statistik/de/daten/gemeindeportraet_kanton_zuerich.html?tab=indikatoren&jahr=2017&indikatoren=133&bfs=0"
NA|P1082|407447|P585|+2017-12-31T00:00:00Z|S854|"https://statistik.zh.ch/internet/justiz_inneres/statistik/de/daten/gemeindeportraet_kanton_zuerich.html?tab=indikatoren&jahr=2017&indikatoren=133&bfs=0"
NA|P1082|35646|P585|+2017-12-31T00:00:00Z|S854|"https://statistik.zh.ch/internet/justiz_inneres/statistik/de/daten/gemeindeportraet_kanton_zuerich.html?tab=indikatoren&jahr=2017&indikatoren=133&bfs=0"
NA|P1082|171544|P585|+2017-12-31T00:00:00Z|S854|"https://statistik.zh.ch/internet/justiz_inneres/statistik/de/daten/gemeindeportraet_kanton_zuerich.html?tab=indikatoren&jahr=2017&indikatoren=133&bfs=0"
NA|P1082|53531|P585|+2017-12-31T00:00:00Z|S854|"https://statistik.zh.ch/internet/justiz_inneres/statistik/de/daten/gemeindeportraet_kanton_zuerich.html?tab=indikatoren&jahr=2017&indikatoren=133&bfs=0"
NA|P1082|89834|P585|+2017-12-31T00:00:00Z|S854|"https://statistik.zh.ch/internet/justiz_inneres/statistik/de/daten/gemeindeportraet_kanton_zuerich.html?tab=indikatoren&jahr=2017&indikatoren=133&bfs=0"
NA|P1082|166667|P585|+2017-12-31T00:00:00Z|S854|"https://statistik.zh.ch/internet/justiz_inneres/statistik/de/daten/gemeindeportraet_kanton_zuerich.html?tab=indikatoren&jahr=2017&indikatoren=133&bfs=0"
NA|P1082|111384|P585|+2017-12-31T00:00:00Z|S854|"https://statistik.zh.ch/internet/justiz_inneres/statistik/de/daten/gemeindeportraet_kanton_zuerich.html?tab=indikatoren&jahr=2017&indikatoren=133&bfs=0"
NA|P1082|114593|P585|+2017-12-31T00:00:00Z|S854|"https://statistik.zh.ch/internet/justiz_inneres/statistik/de/daten/gemeindeportraet_kanton_zuerich.html?tab=indikatoren&jahr=2017&indikatoren=133&bfs=0"
NA|P1082|31140|P585|+2017-12-31T00:00:00Z|S854|"https://statistik.zh.ch/internet/justiz_inneres/statistik/de/daten/gemeindeportraet_kanton_zuerich.html?tab=indikatoren&jahr=2017&indikatoren=133&bfs=0"
NA|P1082|193229|P585|+2017-12-31T00:00:00Z|S854|"https://statistik.zh.ch/internet/justiz_inneres/statistik/de/daten/gemeindeportraet_kanton_zuerich.html?tab=indikatoren&jahr=2017&indikatoren=133&bfs=0"
NA|P1082|123626|P585|+2017-12-31T00:00:00Z|S854|"https://statistik.zh.ch/internet/justiz_inneres/statistik/de/daten/gemeindeportraet_kanton_zuerich.html?tab=indikatoren&jahr=2017&indikatoren=133&bfs=0"
NA|P1082|407447|P585|+2017-12-31T00:00:00Z|S854|"https://statistik.zh.ch/internet/justiz_inneres/statistik/de/daten/gemeindeportraet_kanton_zuerich.html?tab=indikatoren&jahr=2017&indikatoren=133&bfs=0"
NA|P1082|1498641|P585|+2017-12-31T00:00:00Z|S854|"https://statistik.zh.ch/internet/justiz_inneres/statistik/de/daten/gemeindeportraet_kanton_zuerich.html?tab=indikatoren&jahr=2017&indikatoren=133&bfs=0"
