qid,P1082,qal585,S854
Q64945,1934,+2017-12-31T00:00:00Z,"https://statistik.zh.ch/internet/justiz_inneres/statistik/de/daten/gemeindeportraet_kanton_zuerich.html?tab=indikatoren&jahr=2017&indikatoren=133&bfs=1"
Q68290,12080,+2017-12-31T00:00:00Z,"https://statistik.zh.ch/internet/justiz_inneres/statistik/de/daten/gemeindeportraet_kanton_zuerich.html?tab=indikatoren&jahr=2017&indikatoren=133&bfs=2"
Q65510,5491,+2017-12-31T00:00:00Z,"https://statistik.zh.ch/internet/justiz_inneres/statistik/de/daten/gemeindeportraet_kanton_zuerich.html?tab=indikatoren&jahr=2017&indikatoren=133&bfs=3"
Q65231,3646,+2017-12-31T00:00:00Z,"https://statistik.zh.ch/internet/justiz_inneres/statistik/de/daten/gemeindeportraet_kanton_zuerich.html?tab=indikatoren&jahr=2017&indikatoren=133&bfs=4"
Q65129,3678,+2017-12-31T00:00:00Z,"https://statistik.zh.ch/internet/justiz_inneres/statistik/de/daten/gemeindeportraet_kanton_zuerich.html?tab=indikatoren&jahr=2017&indikatoren=133&bfs=5"
Q64589,1124,+2017-12-31T00:00:00Z,"https://statistik.zh.ch/internet/justiz_inneres/statistik/de/daten/gemeindeportraet_kanton_zuerich.html?tab=indikatoren&jahr=2017&indikatoren=133&bfs=6"
Q66328,2301,+2017-12-31T00:00:00Z,"https://statistik.zh.ch/internet/justiz_inneres/statistik/de/daten/gemeindeportraet_kanton_zuerich.html?tab=indikatoren&jahr=2017&indikatoren=133&bfs=7"
Q64977,636,+2017-12-31T00:00:00Z,"https://statistik.zh.ch/internet/justiz_inneres/statistik/de/daten/gemeindeportraet_kanton_zuerich.html?tab=indikatoren&jahr=2017&indikatoren=133&bfs=8"
Q65547,4865,+2017-12-31T00:00:00Z,"https://statistik.zh.ch/internet/justiz_inneres/statistik/de/daten/gemeindeportraet_kanton_zuerich.html?tab=indikatoren&jahr=2017&indikatoren=133&bfs=9"
Q65942,5340,+2017-12-31T00:00:00Z,"https://statistik.zh.ch/internet/justiz_inneres/statistik/de/daten/gemeindeportraet_kanton_zuerich.html?tab=indikatoren&jahr=2017&indikatoren=133&bfs=10"
Q67513,2556,+2017-12-31T00:00:00Z,"https://statistik.zh.ch/internet/justiz_inneres/statistik/de/daten/gemeindeportraet_kanton_zuerich.html?tab=indikatoren&jahr=2017&indikatoren=133&bfs=11"
Q66598,1096,+2017-12-31T00:00:00Z,"https://statistik.zh.ch/internet/justiz_inneres/statistik/de/daten/gemeindeportraet_kanton_zuerich.html?tab=indikatoren&jahr=2017&indikatoren=133&bfs=12"
Q66062,3687,+2017-12-31T00:00:00Z,"https://statistik.zh.ch/internet/justiz_inneres/statistik/de/daten/gemeindeportraet_kanton_zuerich.html?tab=indikatoren&jahr=2017&indikatoren=133&bfs=13"
Q65934,5097,+2017-12-31T00:00:00Z,"https://statistik.zh.ch/internet/justiz_inneres/statistik/de/daten/gemeindeportraet_kanton_zuerich.html?tab=indikatoren&jahr=2017&indikatoren=133&bfs=14"
Q68356,655,+2017-12-31T00:00:00Z,"https://statistik.zh.ch/internet/justiz_inneres/statistik/de/daten/gemeindeportraet_kanton_zuerich.html?tab=indikatoren&jahr=2017&indikatoren=133&bfs=21"
Q70171,857,+2017-12-31T00:00:00Z,"https://statistik.zh.ch/internet/justiz_inneres/statistik/de/daten/gemeindeportraet_kanton_zuerich.html?tab=indikatoren&jahr=2017&indikatoren=133&bfs=22"
Q65781,562,+2017-12-31T00:00:00Z,"https://statistik.zh.ch/internet/justiz_inneres/statistik/de/daten/gemeindeportraet_kanton_zuerich.html?tab=indikatoren&jahr=2017&indikatoren=133&bfs=23"
Q68451,970,+2017-12-31T00:00:00Z,"https://statistik.zh.ch/internet/justiz_inneres/statistik/de/daten/gemeindeportraet_kanton_zuerich.html?tab=indikatoren&jahr=2017&indikatoren=133&bfs=24"
Q67949,1931,+2017-12-31T00:00:00Z,"https://statistik.zh.ch/internet/justiz_inneres/statistik/de/daten/gemeindeportraet_kanton_zuerich.html?tab=indikatoren&jahr=2017&indikatoren=133&bfs=25"
Q70283,684,+2017-12-31T00:00:00Z,"https://statistik.zh.ch/internet/justiz_inneres/statistik/de/daten/gemeindeportraet_kanton_zuerich.html?tab=indikatoren&jahr=2017&indikatoren=133&bfs=26"
Q66283,3636,+2017-12-31T00:00:00Z,"https://statistik.zh.ch/internet/justiz_inneres/statistik/de/daten/gemeindeportraet_kanton_zuerich.html?tab=indikatoren&jahr=2017&indikatoren=133&bfs=27"
Q70367,1375,+2017-12-31T00:00:00Z,"https://statistik.zh.ch/internet/justiz_inneres/statistik/de/daten/gemeindeportraet_kanton_zuerich.html?tab=indikatoren&jahr=2017&indikatoren=133&bfs=28"
Q66757,1437,+2017-12-31T00:00:00Z,"https://statistik.zh.ch/internet/justiz_inneres/statistik/de/daten/gemeindeportraet_kanton_zuerich.html?tab=indikatoren&jahr=2017&indikatoren=133&bfs=29"
Q68423,2201,+2017-12-31T00:00:00Z,"https://statistik.zh.ch/internet/justiz_inneres/statistik/de/daten/gemeindeportraet_kanton_zuerich.html?tab=indikatoren&jahr=2017&indikatoren=133&bfs=30"
Q68417,2256,+2017-12-31T00:00:00Z,"https://statistik.zh.ch/internet/justiz_inneres/statistik/de/daten/gemeindeportraet_kanton_zuerich.html?tab=indikatoren&jahr=2017&indikatoren=133&bfs=31"
Q68447,486,+2017-12-31T00:00:00Z,"https://statistik.zh.ch/internet/justiz_inneres/statistik/de/daten/gemeindeportraet_kanton_zuerich.html?tab=indikatoren&jahr=2017&indikatoren=133&bfs=32"
Q68413,2077,+2017-12-31T00:00:00Z,"https://statistik.zh.ch/internet/justiz_inneres/statistik/de/daten/gemeindeportraet_kanton_zuerich.html?tab=indikatoren&jahr=2017&indikatoren=133&bfs=33"
Q66336,1669,+2017-12-31T00:00:00Z,"https://statistik.zh.ch/internet/justiz_inneres/statistik/de/daten/gemeindeportraet_kanton_zuerich.html?tab=indikatoren&jahr=2017&indikatoren=133&bfs=34"
Q67213,1949,+2017-12-31T00:00:00Z,"https://statistik.zh.ch/internet/justiz_inneres/statistik/de/daten/gemeindeportraet_kanton_zuerich.html?tab=indikatoren&jahr=2017&indikatoren=133&bfs=35"
Q67902,1196,+2017-12-31T00:00:00Z,"https://statistik.zh.ch/internet/justiz_inneres/statistik/de/daten/gemeindeportraet_kanton_zuerich.html?tab=indikatoren&jahr=2017&indikatoren=133&bfs=36"
Q68393,1566,+2017-12-31T00:00:00Z,"https://statistik.zh.ch/internet/justiz_inneres/statistik/de/daten/gemeindeportraet_kanton_zuerich.html?tab=indikatoren&jahr=2017&indikatoren=133&bfs=37"
Q67534,1298,+2017-12-31T00:00:00Z,"https://statistik.zh.ch/internet/justiz_inneres/statistik/de/daten/gemeindeportraet_kanton_zuerich.html?tab=indikatoren&jahr=2017&indikatoren=133&bfs=38"
Q65844,922,+2017-12-31T00:00:00Z,"https://statistik.zh.ch/internet/justiz_inneres/statistik/de/daten/gemeindeportraet_kanton_zuerich.html?tab=indikatoren&jahr=2017&indikatoren=133&bfs=39"
Q67933,1054,+2017-12-31T00:00:00Z,"https://statistik.zh.ch/internet/justiz_inneres/statistik/de/daten/gemeindeportraet_kanton_zuerich.html?tab=indikatoren&jahr=2017&indikatoren=133&bfs=40"
Q70072,477,+2017-12-31T00:00:00Z,"https://statistik.zh.ch/internet/justiz_inneres/statistik/de/daten/gemeindeportraet_kanton_zuerich.html?tab=indikatoren&jahr=2017&indikatoren=133&bfs=41"
Q67937,891,+2017-12-31T00:00:00Z,"https://statistik.zh.ch/internet/justiz_inneres/statistik/de/daten/gemeindeportraet_kanton_zuerich.html?tab=indikatoren&jahr=2017&indikatoren=133&bfs=42"
Q67922,337,+2017-12-31T00:00:00Z,"https://statistik.zh.ch/internet/justiz_inneres/statistik/de/daten/gemeindeportraet_kanton_zuerich.html?tab=indikatoren&jahr=2017&indikatoren=133&bfs=43"
Q67302,654,+2017-12-31T00:00:00Z,"https://statistik.zh.ch/internet/justiz_inneres/statistik/de/daten/gemeindeportraet_kanton_zuerich.html?tab=indikatoren&jahr=2017&indikatoren=133&bfs=44"
Q69887,4092,+2017-12-31T00:00:00Z,"https://statistik.zh.ch/internet/justiz_inneres/statistik/de/daten/gemeindeportraet_kanton_zuerich.html?tab=indikatoren&jahr=2017&indikatoren=133&bfs=51"
Q69734,11593,+2017-12-31T00:00:00Z,"https://statistik.zh.ch/internet/justiz_inneres/statistik/de/daten/gemeindeportraet_kanton_zuerich.html?tab=indikatoren&jahr=2017&indikatoren=133&bfs=52"
Q9093,19817,+2017-12-31T00:00:00Z,"https://statistik.zh.ch/internet/justiz_inneres/statistik/de/daten/gemeindeportraet_kanton_zuerich.html?tab=indikatoren&jahr=2017&indikatoren=133&bfs=53"
Q65164,7685,+2017-12-31T00:00:00Z,"https://statistik.zh.ch/internet/justiz_inneres/statistik/de/daten/gemeindeportraet_kanton_zuerich.html?tab=indikatoren&jahr=2017&indikatoren=133&bfs=54"
Q69175,5170,+2017-12-31T00:00:00Z,"https://statistik.zh.ch/internet/justiz_inneres/statistik/de/daten/gemeindeportraet_kanton_zuerich.html?tab=indikatoren&jahr=2017&indikatoren=133&bfs=55"
Q65877,9419,+2017-12-31T00:00:00Z,"https://statistik.zh.ch/internet/justiz_inneres/statistik/de/daten/gemeindeportraet_kanton_zuerich.html?tab=indikatoren&jahr=2017&indikatoren=133&bfs=56"
Q66964,2371,+2017-12-31T00:00:00Z,"https://statistik.zh.ch/internet/justiz_inneres/statistik/de/daten/gemeindeportraet_kanton_zuerich.html?tab=indikatoren&jahr=2017&indikatoren=133&bfs=57"
Q68399,5189,+2017-12-31T00:00:00Z,"https://statistik.zh.ch/internet/justiz_inneres/statistik/de/daten/gemeindeportraet_kanton_zuerich.html?tab=indikatoren&jahr=2017&indikatoren=133&bfs=58"
Q68410,1927,+2017-12-31T00:00:00Z,"https://statistik.zh.ch/internet/justiz_inneres/statistik/de/daten/gemeindeportraet_kanton_zuerich.html?tab=indikatoren&jahr=2017&indikatoren=133&bfs=59"
Q70377,2721,+2017-12-31T00:00:00Z,"https://statistik.zh.ch/internet/justiz_inneres/statistik/de/daten/gemeindeportraet_kanton_zuerich.html?tab=indikatoren&jahr=2017&indikatoren=133&bfs=60"
Q69367,1020,+2017-12-31T00:00:00Z,"https://statistik.zh.ch/internet/justiz_inneres/statistik/de/daten/gemeindeportraet_kanton_zuerich.html?tab=indikatoren&jahr=2017&indikatoren=133&bfs=61"
Q68165,19362,+2017-12-31T00:00:00Z,"https://statistik.zh.ch/internet/justiz_inneres/statistik/de/daten/gemeindeportraet_kanton_zuerich.html?tab=indikatoren&jahr=2017&indikatoren=133&bfs=62"
Q67912,2373,+2017-12-31T00:00:00Z,"https://statistik.zh.ch/internet/justiz_inneres/statistik/de/daten/gemeindeportraet_kanton_zuerich.html?tab=indikatoren&jahr=2017&indikatoren=133&bfs=63"
Q67898,5591,+2017-12-31T00:00:00Z,"https://statistik.zh.ch/internet/justiz_inneres/statistik/de/daten/gemeindeportraet_kanton_zuerich.html?tab=indikatoren&jahr=2017&indikatoren=133&bfs=64"
Q65512,1057,+2017-12-31T00:00:00Z,"https://statistik.zh.ch/internet/justiz_inneres/statistik/de/daten/gemeindeportraet_kanton_zuerich.html?tab=indikatoren&jahr=2017&indikatoren=133&bfs=65"
Q64224,19864,+2017-12-31T00:00:00Z,"https://statistik.zh.ch/internet/justiz_inneres/statistik/de/daten/gemeindeportraet_kanton_zuerich.html?tab=indikatoren&jahr=2017&indikatoren=133&bfs=66"
Q66457,4462,+2017-12-31T00:00:00Z,"https://statistik.zh.ch/internet/justiz_inneres/statistik/de/daten/gemeindeportraet_kanton_zuerich.html?tab=indikatoren&jahr=2017&indikatoren=133&bfs=67"
Q67909,2837,+2017-12-31T00:00:00Z,"https://statistik.zh.ch/internet/justiz_inneres/statistik/de/daten/gemeindeportraet_kanton_zuerich.html?tab=indikatoren&jahr=2017&indikatoren=133&bfs=68"
Q69374,15855,+2017-12-31T00:00:00Z,"https://statistik.zh.ch/internet/justiz_inneres/statistik/de/daten/gemeindeportraet_kanton_zuerich.html?tab=indikatoren&jahr=2017&indikatoren=133&bfs=69"
Q67882,574,+2017-12-31T00:00:00Z,"https://statistik.zh.ch/internet/justiz_inneres/statistik/de/daten/gemeindeportraet_kanton_zuerich.html?tab=indikatoren&jahr=2017&indikatoren=133&bfs=70"
Q67223,1407,+2017-12-31T00:00:00Z,"https://statistik.zh.ch/internet/justiz_inneres/statistik/de/daten/gemeindeportraet_kanton_zuerich.html?tab=indikatoren&jahr=2017&indikatoren=133&bfs=71"
Q66588,4511,+2017-12-31T00:00:00Z,"https://statistik.zh.ch/internet/justiz_inneres/statistik/de/daten/gemeindeportraet_kanton_zuerich.html?tab=indikatoren&jahr=2017&indikatoren=133&bfs=72"
Q70273,588,+2017-12-31T00:00:00Z,"https://statistik.zh.ch/internet/justiz_inneres/statistik/de/daten/gemeindeportraet_kanton_zuerich.html?tab=indikatoren&jahr=2017&indikatoren=133&bfs=81"
Q67062,1365,+2017-12-31T00:00:00Z,"https://statistik.zh.ch/internet/justiz_inneres/statistik/de/daten/gemeindeportraet_kanton_zuerich.html?tab=indikatoren&jahr=2017&indikatoren=133&bfs=82"
Q67539,6303,+2017-12-31T00:00:00Z,"https://statistik.zh.ch/internet/justiz_inneres/statistik/de/daten/gemeindeportraet_kanton_zuerich.html?tab=indikatoren&jahr=2017&indikatoren=133&bfs=83"
Q66755,4100,+2017-12-31T00:00:00Z,"https://statistik.zh.ch/internet/justiz_inneres/statistik/de/daten/gemeindeportraet_kanton_zuerich.html?tab=indikatoren&jahr=2017&indikatoren=133&bfs=84"
Q70131,1869,+2017-12-31T00:00:00Z,"https://statistik.zh.ch/internet/justiz_inneres/statistik/de/daten/gemeindeportraet_kanton_zuerich.html?tab=indikatoren&jahr=2017&indikatoren=133&bfs=85"
Q67951,5940,+2017-12-31T00:00:00Z,"https://statistik.zh.ch/internet/justiz_inneres/statistik/de/daten/gemeindeportraet_kanton_zuerich.html?tab=indikatoren&jahr=2017&indikatoren=133&bfs=86"
Q65671,925,+2017-12-31T00:00:00Z,"https://statistik.zh.ch/internet/justiz_inneres/statistik/de/daten/gemeindeportraet_kanton_zuerich.html?tab=indikatoren&jahr=2017&indikatoren=133&bfs=87"
Q68395,3140,+2017-12-31T00:00:00Z,"https://statistik.zh.ch/internet/justiz_inneres/statistik/de/daten/gemeindeportraet_kanton_zuerich.html?tab=indikatoren&jahr=2017&indikatoren=133&bfs=88"
Q67920,4917,+2017-12-31T00:00:00Z,"https://statistik.zh.ch/internet/justiz_inneres/statistik/de/daten/gemeindeportraet_kanton_zuerich.html?tab=indikatoren&jahr=2017&indikatoren=133&bfs=89"
Q67042,9188,+2017-12-31T00:00:00Z,"https://statistik.zh.ch/internet/justiz_inneres/statistik/de/daten/gemeindeportraet_kanton_zuerich.html?tab=indikatoren&jahr=2017&indikatoren=133&bfs=90"
Q66411,3024,+2017-12-31T00:00:00Z,"https://statistik.zh.ch/internet/justiz_inneres/statistik/de/daten/gemeindeportraet_kanton_zuerich.html?tab=indikatoren&jahr=2017&indikatoren=133&bfs=91"
Q70022,6964,+2017-12-31T00:00:00Z,"https://statistik.zh.ch/internet/justiz_inneres/statistik/de/daten/gemeindeportraet_kanton_zuerich.html?tab=indikatoren&jahr=2017&indikatoren=133&bfs=92"
Q70264,1797,+2017-12-31T00:00:00Z,"https://statistik.zh.ch/internet/justiz_inneres/statistik/de/daten/gemeindeportraet_kanton_zuerich.html?tab=indikatoren&jahr=2017&indikatoren=133&bfs=93"
Q66156,2831,+2017-12-31T00:00:00Z,"https://statistik.zh.ch/internet/justiz_inneres/statistik/de/daten/gemeindeportraet_kanton_zuerich.html?tab=indikatoren&jahr=2017&indikatoren=133&bfs=94"
Q70197,473,+2017-12-31T00:00:00Z,"https://statistik.zh.ch/internet/justiz_inneres/statistik/de/daten/gemeindeportraet_kanton_zuerich.html?tab=indikatoren&jahr=2017&indikatoren=133&bfs=95"
Q64205,18253,+2017-12-31T00:00:00Z,"https://statistik.zh.ch/internet/justiz_inneres/statistik/de/daten/gemeindeportraet_kanton_zuerich.html?tab=indikatoren&jahr=2017&indikatoren=133&bfs=96"
Q67894,7929,+2017-12-31T00:00:00Z,"https://statistik.zh.ch/internet/justiz_inneres/statistik/de/daten/gemeindeportraet_kanton_zuerich.html?tab=indikatoren&jahr=2017&indikatoren=133&bfs=97"
Q67884,736,+2017-12-31T00:00:00Z,"https://statistik.zh.ch/internet/justiz_inneres/statistik/de/daten/gemeindeportraet_kanton_zuerich.html?tab=indikatoren&jahr=2017&indikatoren=133&bfs=98"
Q70295,1398,+2017-12-31T00:00:00Z,"https://statistik.zh.ch/internet/justiz_inneres/statistik/de/daten/gemeindeportraet_kanton_zuerich.html?tab=indikatoren&jahr=2017&indikatoren=133&bfs=99"
Q67907,2271,+2017-12-31T00:00:00Z,"https://statistik.zh.ch/internet/justiz_inneres/statistik/de/daten/gemeindeportraet_kanton_zuerich.html?tab=indikatoren&jahr=2017&indikatoren=133&bfs=100"
Q67887,3460,+2017-12-31T00:00:00Z,"https://statistik.zh.ch/internet/justiz_inneres/statistik/de/daten/gemeindeportraet_kanton_zuerich.html?tab=indikatoren&jahr=2017&indikatoren=133&bfs=101"
Q70088,1750,+2017-12-31T00:00:00Z,"https://statistik.zh.ch/internet/justiz_inneres/statistik/de/daten/gemeindeportraet_kanton_zuerich.html?tab=indikatoren&jahr=2017&indikatoren=133&bfs=102"
Q65868,5026,+2017-12-31T00:00:00Z,"https://statistik.zh.ch/internet/justiz_inneres/statistik/de/daten/gemeindeportraet_kanton_zuerich.html?tab=indikatoren&jahr=2017&indikatoren=133&bfs=111"
Q67068,7194,+2017-12-31T00:00:00Z,"https://statistik.zh.ch/internet/justiz_inneres/statistik/de/daten/gemeindeportraet_kanton_zuerich.html?tab=indikatoren&jahr=2017&indikatoren=133&bfs=112"
Q67220,7518,+2017-12-31T00:00:00Z,"https://statistik.zh.ch/internet/justiz_inneres/statistik/de/daten/gemeindeportraet_kanton_zuerich.html?tab=indikatoren&jahr=2017&indikatoren=133&bfs=113"
Q65854,2504,+2017-12-31T00:00:00Z,"https://statistik.zh.ch/internet/justiz_inneres/statistik/de/daten/gemeindeportraet_kanton_zuerich.html?tab=indikatoren&jahr=2017&indikatoren=133&bfs=114"
Q67525,9937,+2017-12-31T00:00:00Z,"https://statistik.zh.ch/internet/justiz_inneres/statistik/de/daten/gemeindeportraet_kanton_zuerich.html?tab=indikatoren&jahr=2017&indikatoren=133&bfs=115"
Q67120,3361,+2017-12-31T00:00:00Z,"https://statistik.zh.ch/internet/justiz_inneres/statistik/de/daten/gemeindeportraet_kanton_zuerich.html?tab=indikatoren&jahr=2017&indikatoren=133&bfs=116"
Q69383,11179,+2017-12-31T00:00:00Z,"https://statistik.zh.ch/internet/justiz_inneres/statistik/de/daten/gemeindeportraet_kanton_zuerich.html?tab=indikatoren&jahr=2017&indikatoren=133&bfs=117"
Q69752,12098,+2017-12-31T00:00:00Z,"https://statistik.zh.ch/internet/justiz_inneres/statistik/de/daten/gemeindeportraet_kanton_zuerich.html?tab=indikatoren&jahr=2017&indikatoren=133&bfs=118"
Q67310,1426,+2017-12-31T00:00:00Z,"https://statistik.zh.ch/internet/justiz_inneres/statistik/de/daten/gemeindeportraet_kanton_zuerich.html?tab=indikatoren&jahr=2017&indikatoren=133&bfs=119"
Q67272,9758,+2017-12-31T00:00:00Z,"https://statistik.zh.ch/internet/justiz_inneres/statistik/de/daten/gemeindeportraet_kanton_zuerich.html?tab=indikatoren&jahr=2017&indikatoren=133&bfs=120"
Q68305,24452,+2017-12-31T00:00:00Z,"https://statistik.zh.ch/internet/justiz_inneres/statistik/de/daten/gemeindeportraet_kanton_zuerich.html?tab=indikatoren&jahr=2017&indikatoren=133&bfs=121"
Q68210,18731,+2017-12-31T00:00:00Z,"https://statistik.zh.ch/internet/justiz_inneres/statistik/de/daten/gemeindeportraet_kanton_zuerich.html?tab=indikatoren&jahr=2017&indikatoren=133&bfs=131"
Q66338,2158,+2017-12-31T00:00:00Z,"https://statistik.zh.ch/internet/justiz_inneres/statistik/de/daten/gemeindeportraet_kanton_zuerich.html?tab=indikatoren&jahr=2017&indikatoren=133&bfs=132"
Q66892,895,+2017-12-31T00:00:00Z,"https://statistik.zh.ch/internet/justiz_inneres/statistik/de/daten/gemeindeportraet_kanton_zuerich.html?tab=indikatoren&jahr=2017&indikatoren=133&bfs=134"
Q66633,8437,+2017-12-31T00:00:00Z,"https://statistik.zh.ch/internet/justiz_inneres/statistik/de/daten/gemeindeportraet_kanton_zuerich.html?tab=indikatoren&jahr=2017&indikatoren=133&bfs=135"
Q65347,7500,+2017-12-31T00:00:00Z,"https://statistik.zh.ch/internet/justiz_inneres/statistik/de/daten/gemeindeportraet_kanton_zuerich.html?tab=indikatoren&jahr=2017&indikatoren=133&bfs=136"
Q65528,5071,+2017-12-31T00:00:00Z,"https://statistik.zh.ch/internet/justiz_inneres/statistik/de/daten/gemeindeportraet_kanton_zuerich.html?tab=indikatoren&jahr=2017&indikatoren=133&bfs=137"
Q68227,13407,+2017-12-31T00:00:00Z,"https://statistik.zh.ch/internet/justiz_inneres/statistik/de/daten/gemeindeportraet_kanton_zuerich.html?tab=indikatoren&jahr=2017&indikatoren=133&bfs=138"
Q66819,5830,+2017-12-31T00:00:00Z,"https://statistik.zh.ch/internet/justiz_inneres/statistik/de/daten/gemeindeportraet_kanton_zuerich.html?tab=indikatoren&jahr=2017&indikatoren=133&bfs=139"
Q67528,1844,+2017-12-31T00:00:00Z,"https://statistik.zh.ch/internet/justiz_inneres/statistik/de/daten/gemeindeportraet_kanton_zuerich.html?tab=indikatoren&jahr=2017&indikatoren=133&bfs=140"
Q68959,17784,+2017-12-31T00:00:00Z,"https://statistik.zh.ch/internet/justiz_inneres/statistik/de/daten/gemeindeportraet_kanton_zuerich.html?tab=indikatoren&jahr=2017&indikatoren=133&bfs=141"
Q69718,21716,+2017-12-31T00:00:00Z,"https://statistik.zh.ch/internet/justiz_inneres/statistik/de/daten/gemeindeportraet_kanton_zuerich.html?tab=indikatoren&jahr=2017&indikatoren=133&bfs=142"
Q69203,5567,+2017-12-31T00:00:00Z,"https://statistik.zh.ch/internet/justiz_inneres/statistik/de/daten/gemeindeportraet_kanton_zuerich.html?tab=indikatoren&jahr=2017&indikatoren=133&bfs=151"
Q69224,6290,+2017-12-31T00:00:00Z,"https://statistik.zh.ch/internet/justiz_inneres/statistik/de/daten/gemeindeportraet_kanton_zuerich.html?tab=indikatoren&jahr=2017&indikatoren=133&bfs=152"
Q69188,8595,+2017-12-31T00:00:00Z,"https://statistik.zh.ch/internet/justiz_inneres/statistik/de/daten/gemeindeportraet_kanton_zuerich.html?tab=indikatoren&jahr=2017&indikatoren=133&bfs=153"
Q69216,14250,+2017-12-31T00:00:00Z,"https://statistik.zh.ch/internet/justiz_inneres/statistik/de/daten/gemeindeportraet_kanton_zuerich.html?tab=indikatoren&jahr=2017&indikatoren=133&bfs=154"
Q64627,10913,+2017-12-31T00:00:00Z,"https://statistik.zh.ch/internet/justiz_inneres/statistik/de/daten/gemeindeportraet_kanton_zuerich.html?tab=indikatoren&jahr=2017&indikatoren=133&bfs=155"
Q68261,13958,+2017-12-31T00:00:00Z,"https://statistik.zh.ch/internet/justiz_inneres/statistik/de/daten/gemeindeportraet_kanton_zuerich.html?tab=indikatoren&jahr=2017&indikatoren=133&bfs=156"
Q67354,4754,+2017-12-31T00:00:00Z,"https://statistik.zh.ch/internet/justiz_inneres/statistik/de/daten/gemeindeportraet_kanton_zuerich.html?tab=indikatoren&jahr=2017&indikatoren=133&bfs=157"
Q69774,14389,+2017-12-31T00:00:00Z,"https://statistik.zh.ch/internet/justiz_inneres/statistik/de/daten/gemeindeportraet_kanton_zuerich.html?tab=indikatoren&jahr=2017&indikatoren=133&bfs=158"
Q67058,6145,+2017-12-31T00:00:00Z,"https://statistik.zh.ch/internet/justiz_inneres/statistik/de/daten/gemeindeportraet_kanton_zuerich.html?tab=indikatoren&jahr=2017&indikatoren=133&bfs=159"
Q66898,5120,+2017-12-31T00:00:00Z,"https://statistik.zh.ch/internet/justiz_inneres/statistik/de/daten/gemeindeportraet_kanton_zuerich.html?tab=indikatoren&jahr=2017&indikatoren=133&bfs=160"
Q70369,6378,+2017-12-31T00:00:00Z,"https://statistik.zh.ch/internet/justiz_inneres/statistik/de/daten/gemeindeportraet_kanton_zuerich.html?tab=indikatoren&jahr=2017&indikatoren=133&bfs=172"
Q65841,3613,+2017-12-31T00:00:00Z,"https://statistik.zh.ch/internet/justiz_inneres/statistik/de/daten/gemeindeportraet_kanton_zuerich.html?tab=indikatoren&jahr=2017&indikatoren=133&bfs=173"
Q65759,5621,+2017-12-31T00:00:00Z,"https://statistik.zh.ch/internet/justiz_inneres/statistik/de/daten/gemeindeportraet_kanton_zuerich.html?tab=indikatoren&jahr=2017&indikatoren=133&bfs=176"
Q68269,11817,+2017-12-31T00:00:00Z,"https://statistik.zh.ch/internet/justiz_inneres/statistik/de/daten/gemeindeportraet_kanton_zuerich.html?tab=indikatoren&jahr=2017&indikatoren=133&bfs=177"
Q67957,4355,+2017-12-31T00:00:00Z,"https://statistik.zh.ch/internet/justiz_inneres/statistik/de/daten/gemeindeportraet_kanton_zuerich.html?tab=indikatoren&jahr=2017&indikatoren=133&bfs=178"
Q70375,3301,+2017-12-31T00:00:00Z,"https://statistik.zh.ch/internet/justiz_inneres/statistik/de/daten/gemeindeportraet_kanton_zuerich.html?tab=indikatoren&jahr=2017&indikatoren=133&bfs=180"
Q66752,1975,+2017-12-31T00:00:00Z,"https://statistik.zh.ch/internet/justiz_inneres/statistik/de/daten/gemeindeportraet_kanton_zuerich.html?tab=indikatoren&jahr=2017&indikatoren=133&bfs=181"
Q67346,994,+2017-12-31T00:00:00Z,"https://statistik.zh.ch/internet/justiz_inneres/statistik/de/daten/gemeindeportraet_kanton_zuerich.html?tab=indikatoren&jahr=2017&indikatoren=133&bfs=182"
Q64082,28002,+2017-12-31T00:00:00Z,"https://statistik.zh.ch/internet/justiz_inneres/statistik/de/daten/gemeindeportraet_kanton_zuerich.html?tab=indikatoren&jahr=2017&indikatoren=133&bfs=191"
Q64877,8442,+2017-12-31T00:00:00Z,"https://statistik.zh.ch/internet/justiz_inneres/statistik/de/daten/gemeindeportraet_kanton_zuerich.html?tab=indikatoren&jahr=2017&indikatoren=133&bfs=192"
Q64869,8575,+2017-12-31T00:00:00Z,"https://statistik.zh.ch/internet/justiz_inneres/statistik/de/daten/gemeindeportraet_kanton_zuerich.html?tab=indikatoren&jahr=2017&indikatoren=133&bfs=193"
Q64882,5345,+2017-12-31T00:00:00Z,"https://statistik.zh.ch/internet/justiz_inneres/statistik/de/daten/gemeindeportraet_kanton_zuerich.html?tab=indikatoren&jahr=2017&indikatoren=133&bfs=194"
Q64857,10148,+2017-12-31T00:00:00Z,"https://statistik.zh.ch/internet/justiz_inneres/statistik/de/daten/gemeindeportraet_kanton_zuerich.html?tab=indikatoren&jahr=2017&indikatoren=133&bfs=195"
Q66747,3715,+2017-12-31T00:00:00Z,"https://statistik.zh.ch/internet/justiz_inneres/statistik/de/daten/gemeindeportraet_kanton_zuerich.html?tab=indikatoren&jahr=2017&indikatoren=133&bfs=196"
Q66814,5088,+2017-12-31T00:00:00Z,"https://statistik.zh.ch/internet/justiz_inneres/statistik/de/daten/gemeindeportraet_kanton_zuerich.html?tab=indikatoren&jahr=2017&indikatoren=133&bfs=197"
Q64032,34442,+2017-12-31T00:00:00Z,"https://statistik.zh.ch/internet/justiz_inneres/statistik/de/daten/gemeindeportraet_kanton_zuerich.html?tab=indikatoren&jahr=2017&indikatoren=133&bfs=198"
Q69754,18615,+2017-12-31T00:00:00Z,"https://statistik.zh.ch/internet/justiz_inneres/statistik/de/daten/gemeindeportraet_kanton_zuerich.html?tab=indikatoren&jahr=2017&indikatoren=133&bfs=199"
Q66829,7892,+2017-12-31T00:00:00Z,"https://statistik.zh.ch/internet/justiz_inneres/statistik/de/daten/gemeindeportraet_kanton_zuerich.html?tab=indikatoren&jahr=2017&indikatoren=133&bfs=200"
Q65929,674,+2017-12-31T00:00:00Z,"https://statistik.zh.ch/internet/justiz_inneres/statistik/de/daten/gemeindeportraet_kanton_zuerich.html?tab=indikatoren&jahr=2017&indikatoren=133&bfs=211"
Q65812,2016,+2017-12-31T00:00:00Z,"https://statistik.zh.ch/internet/justiz_inneres/statistik/de/daten/gemeindeportraet_kanton_zuerich.html?tab=indikatoren&jahr=2017&indikatoren=133&bfs=213"
Q68437,1012,+2017-12-31T00:00:00Z,"https://statistik.zh.ch/internet/justiz_inneres/statistik/de/daten/gemeindeportraet_kanton_zuerich.html?tab=indikatoren&jahr=2017&indikatoren=133&bfs=214"
Q70381,783,+2017-12-31T00:00:00Z,"https://statistik.zh.ch/internet/justiz_inneres/statistik/de/daten/gemeindeportraet_kanton_zuerich.html?tab=indikatoren&jahr=2017&indikatoren=133&bfs=215"
Q65795,1551,+2017-12-31T00:00:00Z,"https://statistik.zh.ch/internet/justiz_inneres/statistik/de/daten/gemeindeportraet_kanton_zuerich.html?tab=indikatoren&jahr=2017&indikatoren=133&bfs=216"
Q65769,903,+2017-12-31T00:00:00Z,"https://statistik.zh.ch/internet/justiz_inneres/statistik/de/daten/gemeindeportraet_kanton_zuerich.html?tab=indikatoren&jahr=2017&indikatoren=133&bfs=218"
Q64832,3616,+2017-12-31T00:00:00Z,"https://statistik.zh.ch/internet/justiz_inneres/statistik/de/daten/gemeindeportraet_kanton_zuerich.html?tab=indikatoren&jahr=2017&indikatoren=133&bfs=219"
Q65926,1105,+2017-12-31T00:00:00Z,"https://statistik.zh.ch/internet/justiz_inneres/statistik/de/daten/gemeindeportraet_kanton_zuerich.html?tab=indikatoren&jahr=2017&indikatoren=133&bfs=220"
Q64967,3174,+2017-12-31T00:00:00Z,"https://statistik.zh.ch/internet/justiz_inneres/statistik/de/daten/gemeindeportraet_kanton_zuerich.html?tab=indikatoren&jahr=2017&indikatoren=133&bfs=221"
Q65792,500,+2017-12-31T00:00:00Z,"https://statistik.zh.ch/internet/justiz_inneres/statistik/de/daten/gemeindeportraet_kanton_zuerich.html?tab=indikatoren&jahr=2017&indikatoren=133&bfs=222"
Q65040,5533,+2017-12-31T00:00:00Z,"https://statistik.zh.ch/internet/justiz_inneres/statistik/de/daten/gemeindeportraet_kanton_zuerich.html?tab=indikatoren&jahr=2017&indikatoren=133&bfs=223"
Q65119,3831,+2017-12-31T00:00:00Z,"https://statistik.zh.ch/internet/justiz_inneres/statistik/de/daten/gemeindeportraet_kanton_zuerich.html?tab=indikatoren&jahr=2017&indikatoren=133&bfs=224"
Q68457,2655,+2017-12-31T00:00:00Z,"https://statistik.zh.ch/internet/justiz_inneres/statistik/de/daten/gemeindeportraet_kanton_zuerich.html?tab=indikatoren&jahr=2017&indikatoren=133&bfs=225"
Q68390,730,+2017-12-31T00:00:00Z,"https://statistik.zh.ch/internet/justiz_inneres/statistik/de/daten/gemeindeportraet_kanton_zuerich.html?tab=indikatoren&jahr=2017&indikatoren=133&bfs=226"
Q65805,7291,+2017-12-31T00:00:00Z,"https://statistik.zh.ch/internet/justiz_inneres/statistik/de/daten/gemeindeportraet_kanton_zuerich.html?tab=indikatoren&jahr=2017&indikatoren=133&bfs=227"
Q65858,4748,+2017-12-31T00:00:00Z,"https://statistik.zh.ch/internet/justiz_inneres/statistik/de/daten/gemeindeportraet_kanton_zuerich.html?tab=indikatoren&jahr=2017&indikatoren=133&bfs=228"
Q9125,110570,+2017-12-31T00:00:00Z,"https://statistik.zh.ch/internet/justiz_inneres/statistik/de/daten/gemeindeportraet_kanton_zuerich.html?tab=indikatoren&jahr=2017&indikatoren=133&bfs=230"
Q67211,5929,+2017-12-31T00:00:00Z,"https://statistik.zh.ch/internet/justiz_inneres/statistik/de/daten/gemeindeportraet_kanton_zuerich.html?tab=indikatoren&jahr=2017&indikatoren=133&bfs=231"
Q68342,1341,+2017-12-31T00:00:00Z,"https://statistik.zh.ch/internet/justiz_inneres/statistik/de/daten/gemeindeportraet_kanton_zuerich.html?tab=indikatoren&jahr=2017&indikatoren=133&bfs=241"
Q65282,6385,+2017-12-31T00:00:00Z,"https://statistik.zh.ch/internet/justiz_inneres/statistik/de/daten/gemeindeportraet_kanton_zuerich.html?tab=indikatoren&jahr=2017&indikatoren=133&bfs=242"
Q64070,26936,+2017-12-31T00:00:00Z,"https://statistik.zh.ch/internet/justiz_inneres/statistik/de/daten/gemeindeportraet_kanton_zuerich.html?tab=indikatoren&jahr=2017&indikatoren=133&bfs=243"
Q66660,4918,+2017-12-31T00:00:00Z,"https://statistik.zh.ch/internet/justiz_inneres/statistik/de/daten/gemeindeportraet_kanton_zuerich.html?tab=indikatoren&jahr=2017&indikatoren=133&bfs=244"
Q69963,6569,+2017-12-31T00:00:00Z,"https://statistik.zh.ch/internet/justiz_inneres/statistik/de/daten/gemeindeportraet_kanton_zuerich.html?tab=indikatoren&jahr=2017&indikatoren=133&bfs=245"
Q66414,2464,+2017-12-31T00:00:00Z,"https://statistik.zh.ch/internet/justiz_inneres/statistik/de/daten/gemeindeportraet_kanton_zuerich.html?tab=indikatoren&jahr=2017&indikatoren=133&bfs=246"
Q69148,18666,+2017-12-31T00:00:00Z,"https://statistik.zh.ch/internet/justiz_inneres/statistik/de/daten/gemeindeportraet_kanton_zuerich.html?tab=indikatoren&jahr=2017&indikatoren=133&bfs=247"
Q66678,4239,+2017-12-31T00:00:00Z,"https://statistik.zh.ch/internet/justiz_inneres/statistik/de/daten/gemeindeportraet_kanton_zuerich.html?tab=indikatoren&jahr=2017&indikatoren=133&bfs=248"
Q69109,9768,+2017-12-31T00:00:00Z,"https://statistik.zh.ch/internet/justiz_inneres/statistik/de/daten/gemeindeportraet_kanton_zuerich.html?tab=indikatoren&jahr=2017&indikatoren=133&bfs=250"
Q66093,4760,+2017-12-31T00:00:00Z,"https://statistik.zh.ch/internet/justiz_inneres/statistik/de/daten/gemeindeportraet_kanton_zuerich.html?tab=indikatoren&jahr=2017&indikatoren=133&bfs=251"
Q72,407447,+2017-12-31T00:00:00Z,"https://statistik.zh.ch/internet/justiz_inneres/statistik/de/daten/gemeindeportraet_kanton_zuerich.html?tab=indikatoren&jahr=2017&indikatoren=133&bfs=261"
Q64873,16928,+2017-12-31T00:00:00Z,"https://statistik.zh.ch/internet/justiz_inneres/statistik/de/daten/gemeindeportraet_kanton_zuerich.html?tab=indikatoren&jahr=2017&indikatoren=133&bfs=296"
Q67145,4925,+2017-12-31T00:00:00Z,"https://statistik.zh.ch/internet/justiz_inneres/statistik/de/daten/gemeindeportraet_kanton_zuerich.html?tab=indikatoren&jahr=2017&indikatoren=133&bfs=297"
Q64853,6355,+2017-12-31T00:00:00Z,"https://statistik.zh.ch/internet/justiz_inneres/statistik/de/daten/gemeindeportraet_kanton_zuerich.html?tab=indikatoren&jahr=2017&indikatoren=133&bfs=298"
